Email,"Phone number",Username
test@gmail.com,986251821,test
test@gmail.com,986251821,test
test@gmail.com,986251821,test
test@gmail.com,986251821,test
test@gmail.com,986251821,test
test@gmail.com,986251821,test
test@gmail.com,986251821,test
test@gmail.com,986251821,test
test@gmail.com,986251821,test
test@gmail.com,986251821,test
test@gmail.com,986251821,test
test@gmail.com,9861292963,test
test@gmail.com,9861292963,test
test@gmail.com,9861292963,test
test@gmail.com,9861292963,test
test@gmail.com,9861292963,test
test@gmail.com,9861292963,test
test@gmail.com,9861292963,test
test@gmail.com,9861292963,test
test@gmail.com,9861292963,test
test@gmail.com,9861292963,test
test@gmail.com,9861292963,test
test@gmail.com,9861292963,test
test@gmail.com,9861292963,test
test@gmail.com,9861292963,test
test@gmail.com,9861292963,test
test@gmail.com,9861292963,test
